d,patch,phase,path,dt,n_rounds,T_actual,shots,failures,p_L,ci_low,ci_high,logical_error_per_time,p_data,p_read,base_seed,seconds,interval_confidence,reference_intervals_overlap_999
5,0,sweep,full_circuit,0.1,100,10.0,1000,274,0.274,0.24655555491546696,0.30278181831000883,0.0274,0.01647639242885479,0.015,20261002,63.99757983296877,0.95,True
5,1,sweep,full_circuit,0.1,100,10.0,1000,323,0.323,0.29407393674795995,0.3529723647638402,0.0323,0.01647639242885479,0.015,20261002,63.99757983296877,0.95,True
5,-1,sweep,reference,0.1,100,10.0,20000,5878,0.2939,0.2875918847890439,0.30026807538674144,0.02939,0.01647639242885479,0.015,20282002,0.4029572909930721,0.95,
5,0,sweep,full_circuit,0.2,50,10.0,1000,205,0.205,0.18037676898868157,0.23137310493391988,0.020499999999999997,0.017950571929177594,0.015,20303002,34.4132915000082,0.95,True
5,1,sweep,full_circuit,0.2,50,10.0,1000,200,0.2,0.17562057483084223,0.22615937282137055,0.02,0.017950571929177594,0.015,20303002,34.4132915000082,0.95,True
5,-1,sweep,reference,0.2,50,10.0,20000,4115,0.20575,0.2001655803985618,0.21142008156947048,0.020575,0.017950571929177594,0.015,20324002,0.2170937079936266,0.95,
5,0,sweep,full_circuit,0.4,25,10.0,1000,149,0.149,0.12748860044831303,0.17260045358082537,0.0149,0.020892305406873812,0.015,20345002,18.7870187080116,0.95,True
5,1,sweep,full_circuit,0.4,25,10.0,1000,165,0.165,0.14250731760552254,0.18948420837970908,0.0165,0.020892305406873812,0.015,20345002,18.7870187080116,0.95,True
5,-1,sweep,reference,0.4,25,10.0,20000,3126,0.1563,0.15129245950358558,0.16140766466888903,0.015629999999999998,0.020892305406873812,0.015,20366002,0.11882124998373911,0.95,
5,0,sweep,full_circuit,0.5,20,10.0,1000,143,0.143,0.1218786428758916,0.16624715659672176,0.014299999999999998,0.022359866003148654,0.015,20387002,15.986515374970622,0.95,True
5,1,sweep,full_circuit,0.5,20,10.0,1000,145,0.145,0.12374721727175497,0.16836632209193111,0.014499999999999999,0.022359866003148654,0.015,20387002,15.986515374970622,0.95,True
5,-1,sweep,reference,0.5,20,10.0,20000,2937,0.14685,0.14197109506535982,0.15183179939496647,0.014685,0.022359866003148654,0.015,20408002,0.10255562496604398,0.95,
5,0,sweep,full_circuit,1.0,10,10.0,1000,139,0.139,0.11814585276496611,0.1620045038554902,0.013900000000000001,0.02966473949098336,0.015,20429002,9.994981915981043,0.95,True
5,1,sweep,full_circuit,1.0,10,10.0,1000,127,0.127,0.1069843269494534,0.14924003033485816,0.0127,0.02966473949098336,0.015,20429002,9.994981915981043,0.95,True
5,-1,sweep,reference,1.0,10,10.0,20000,2676,0.1338,0.1291103408603688,0.13859638417283254,0.01338,0.02966473949098336,0.015,20450002,0.0667392080067657,0.95,
5,0,sweep,full_circuit,2.0,5,10.0,1000,143,0.143,0.1218786428758916,0.16624715659672176,0.014299999999999998,0.0441111494547195,0.015,20471002,6.92668891698122,0.95,True
5,1,sweep,full_circuit,2.0,5,10.0,1000,149,0.149,0.12748860044831303,0.17260045358082537,0.0149,0.0441111494547195,0.015,20471002,6.92668891698122,0.95,True
5,-1,sweep,reference,2.0,5,10.0,20000,2866,0.1433,0.13847119275791775,0.1482327431260947,0.01433,0.0441111494547195,0.015,20492002,0.048473124974407256,0.95,
5,0,confirmation_baseline,full_circuit,2.0,5,10.0,2000,288,0.144,0.12889345293821994,0.16015817248287648,0.0144,0.0441111494547195,0.015,20513002,11.026997833047062,0.95,True
5,1,confirmation_baseline,full_circuit,2.0,5,10.0,2000,279,0.1395,0.12460249658250473,0.1554627158117165,0.01395,0.0441111494547195,0.015,20513002,11.026997833047062,0.95,True
5,-1,confirmation_baseline,reference,2.0,5,10.0,20000,2921,0.14605,0.14118229767237755,0.15102083143798162,0.014605000000000002,0.0441111494547195,0.015,20534002,0.04858841700479388,0.95,
5,0,confirmation_selected,full_circuit,1.0,10,10.0,2000,239,0.1195,0.10559943863702408,0.1345264736918349,0.011949999999999999,0.02966473949098336,0.015,20555002,17.40096416702727,0.95,True
5,1,confirmation_selected,full_circuit,1.0,10,10.0,2000,250,0.125,0.1108135437258237,0.14029561880745497,0.0125,0.02966473949098336,0.015,20555002,17.40096416702727,0.95,True
5,-1,confirmation_selected,reference,1.0,10,10.0,20000,2619,0.13095,0.12630359976171288,0.13570396271555915,0.013095,0.02966473949098336,0.015,20576002,0.06681204098276794,0.95,
7,0,sweep,full_circuit,0.1,100,10.0,1000,153,0.153,0.1312354733459028,0.17682913934608993,0.0153,0.01647639242885479,0.015,20597002,108.85722404101398,0.95,True
7,1,sweep,full_circuit,0.1,100,10.0,1000,177,0.177,0.15382282670139605,0.20209592130778117,0.0177,0.01647639242885479,0.015,20597002,108.85722404101398,0.95,True
7,-1,sweep,reference,0.1,100,10.0,20000,3164,0.1582,0.1531673923798307,0.16333217511937542,0.01582,0.01647639242885479,0.015,20618002,0.9004444580059499,0.95,
7,0,sweep,full_circuit,0.2,50,10.0,1000,120,0.12,0.10050092374816785,0.14176686379282538,0.012,0.017950571929177594,0.015,20639002,57.90283066697884,0.95,True
7,1,sweep,full_circuit,0.2,50,10.0,1000,106,0.106,0.08760236506921204,0.12675300878156254,0.0106,0.017950571929177594,0.015,20639002,57.90283066697884,0.95,True
7,-1,sweep,reference,0.2,50,10.0,20000,2249,0.11245,0.10810322131769003,0.11690978677698617,0.011245,0.017950571929177594,0.015,20660002,0.46916283399332315,0.95,
7,0,sweep,full_circuit,0.4,25,10.0,1000,86,0.086,0.06936253057241368,0.10512026843432665,0.0086,0.020892305406873812,0.015,20681002,30.83125062502222,0.95,True
7,1,sweep,full_circuit,0.4,25,10.0,1000,92,0.092,0.07480844517785545,0.11163577251831969,0.0092,0.020892305406873812,0.015,20681002,30.83125062502222,0.95,True
7,-1,sweep,reference,0.4,25,10.0,20000,1752,0.0876,0.08371702962908874,0.09160333014205546,0.00876,0.020892305406873812,0.015,20702002,0.2625528330099769,0.95,
7,0,sweep,full_circuit,0.5,20,10.0,1000,86,0.086,0.06936253057241368,0.10512026843432665,0.0086,0.022359866003148654,0.015,20723002,26.214549708005507,0.95,True
7,1,sweep,full_circuit,0.5,20,10.0,1000,75,0.075,0.05944612821126314,0.09310844696149916,0.0075,0.022359866003148654,0.015,20723002,26.214549708005507,0.95,True
7,-1,sweep,reference,0.5,20,10.0,20000,1627,0.08135,0.07759738275753376,0.0852248358873779,0.008135,0.022359866003148654,0.015,20744002,0.22223420796217397,0.95,
7,0,sweep,full_circuit,1.0,10,10.0,1000,101,0.101,0.0830201139118023,0.12136682351196833,0.010100000000000001,0.02966473949098336,0.015,20765002,15.473605457984377,0.95,True
7,1,sweep,full_circuit,1.0,10,10.0,1000,95,0.095,0.07754020708165497,0.11488484440445196,0.0095,0.02966473949098336,0.015,20765002,15.473605457984377,0.95,True
7,-1,sweep,reference,1.0,10,10.0,20000,1787,0.08935,0.08543163035422961,0.09338820979278144,0.008935,0.02966473949098336,0.015,20786002,0.149288666958455,0.95,
7,0,sweep,full_circuit,2.0,5,10.0,1000,130,0.13,0.10976931245370448,0.1524364946004402,0.013000000000000001,0.0441111494547195,0.015,20807002,10.246063958969899,0.95,True
7,1,sweep,full_circuit,2.0,5,10.0,1000,118,0.118,0.09865251639489679,0.13962772053444025,0.0118,0.0441111494547195,0.015,20807002,10.246063958969899,0.95,True
7,-1,sweep,reference,2.0,5,10.0,20000,2425,0.12125,0.11675645376147292,0.1258539617399802,0.012125,0.0441111494547195,0.015,20828002,0.10936558397952467,0.95,
7,0,confirmation_baseline,full_circuit,2.0,5,10.0,2000,245,0.1225,0.10844232790382752,0.13767444217262625,0.01225,0.0441111494547195,0.015,20849002,17.837758083012886,0.95,True
7,1,confirmation_baseline,full_circuit,2.0,5,10.0,2000,223,0.1115,0.0980327952300689,0.12611757373943105,0.01115,0.0441111494547195,0.015,20849002,17.837758083012886,0.95,True
7,-1,confirmation_baseline,reference,2.0,5,10.0,20000,2417,0.12085,0.11636295191543727,0.125447581336692,0.012085,0.0441111494547195,0.015,20870002,0.1116501250071451,0.95,
7,0,confirmation_selected,full_circuit,0.5,20,10.0,2000,181,0.0905,0.0782837215132316,0.10393153017708454,0.009049999999999999,0.022359866003148654,0.015,20891002,50.09470895800041,0.95,True
7,1,confirmation_selected,full_circuit,0.5,20,10.0,2000,156,0.078,0.06662239148519387,0.09063214685220686,0.0078,0.022359866003148654,0.015,20891002,50.09470895800041,0.95,True
7,-1,confirmation_selected,reference,0.5,20,10.0,20000,1693,0.08465,0.0808277725788179,0.08859346395510717,0.008465,0.022359866003148654,0.015,20912002,0.2253907920094207,0.95,
