d,dt,n_rounds,guppy_p_L,guppy_ci_low,guppy_ci_high,guppy_shots,guppy_failures,guppy_seconds,reference_p_L,reference_ci_low,reference_ci_high,reference_shots,reference_failures,relative_difference,intervals_overlap,shots_time_capped
5,0.14286000000000001,70,0.27071823204419887,0.19791648847168133,0.3532258471616186,362,98,39.86501670000143,0.2471,0.23713618094265246,0.25725544601738015,20000,4942,0.09558167561391698,True,False
5,0.26008000000000003,38,0.20084566596194503,0.14431888457066983,0.2670786485934733,473,95,30.38045080000302,0.17755,0.1687567854173941,0.18658765033601415,20000,3551,0.13120622901686857,True,False
5,0.47349,21,0.1556350626118068,0.10918443067138292,0.21155307054406963,559,87,22.023118900018744,0.1439,0.13584400322503684,0.1522260350200907,20000,2878,0.08155012238920632,True,False
5,0.8620300000000001,12,0.15412186379928317,0.10785317312639996,0.2099174464393701,558,86,15.190422799991211,0.1351,0.12726036029489718,0.1432163827433722,20000,2702,0.14079839969861707,True,False
5,1.5693700000000002,6,0.15458015267175573,0.10690492458318142,0.2123896442103632,524,81,10.779868700017687,0.1317,0.12394692383198216,0.139732411023649,20000,2634,0.1737293293223669,True,False
5,2.8571400000000002,4,0.2177650429799427,0.15034655695111876,0.2975967877937812,349,76,9.457368299976224,0.1834,0.17449150575907815,0.19254848353170953,20000,3668,0.18737755168998196,True,False
7,0.09091,110,0.15098039215686274,0.10327232570055368,0.20921291522387778,510,77,132.35346819998813,0.16895,0.16033277396362075,0.17781820058768805,20000,3379,-0.10636050809788253,True,True
7,0.16551000000000002,60,0.10211706102117062,0.0701745148599102,0.14168776705057282,803,82,117.85750900002313,0.1187,0.11129446299316323,0.1263947897502242,20000,2374,-0.13970462492695354,True,False
7,0.30131,33,0.07329317269076305,0.048901693941681645,0.10429130169701493,996,73,80.75037640001392,0.08945,0.0829404549151015,0.09627117779133941,20000,1789,-0.1806241174872773,True,False
7,0.54856,18,0.06820365033621517,0.04518594854947682,0.09762025550423152,1041,71,50.022487699985504,0.08335,0.07705168486507735,0.08996463154047307,20000,1667,-0.1817198519950189,True,False
7,0.9986900000000001,10,0.07882352941176471,0.05163128219035756,0.11366028422708657,850,67,28.56143699999666,0.09,0.08347188042417607,0.09683933033209616,20000,1800,-0.12418300653594765,True,False
7,1.8181800000000001,6,0.12260536398467432,0.0800901534707542,0.17625967492978878,522,64,10.56856990000233,0.1277,0.1200509935950701,0.13563139150373016,20000,2554,-0.039895348592996746,True,False
9,0.06667000000000001,150,0.08444444444444445,0.035581062385372654,0.1619953294293058,225,19,122.29545169998892,0.10108010801080108,0.09189815940864064,0.11080785197040856,11110,1123,-0.16457900465024242,True,True
9,0.12137,82,0.05811138014527845,0.027177587004065737,0.10570596533563725,413,24,115.81508070000564,0.0684,0.06266512154304703,0.074462711431877,20000,1368,-0.1504184189286776,True,True
9,0.22096000000000002,45,0.047872340425531915,0.02614876295254016,0.07893493470488214,752,36,117.06703400000697,0.0536,0.0485035047842585,0.059035809011429366,20000,1072,-0.10685932041918073,True,True
9,0.40228,25,0.05018450184501845,0.03281977684563145,0.07267549443248617,1355,68,117.86851359999855,0.0479,0.04307715063406004,0.0530666181818183,20000,958,0.04769314916531216,True,True
9,0.7323700000000001,14,0.05490956072351421,0.03772117602859249,0.07652908838742123,1548,85,95.7474927000003,0.05415,0.049028017470039285,0.059610867646445374,20000,1083,0.014026975503494243,True,False
9,1.3333300000000001,8,0.08132875143184422,0.05400391240679311,0.11604865514911368,873,71,40.0778805000009,0.07975,0.07358109226146511,0.08623799198824801,20000,1595,0.01979625619867356,True,False
