d,grid,path,dt,n_rounds,T_actual,shots,failures,p_L,stderr,ci_low,ci_high,seconds
5,coarse,reference,0.14286000000000001,70,10.000200000000001,20000,4942,0.2471,0.003049931064794744,0.23713618094265246,0.25725544601738015,2.1064088999992236
5,coarse,reference,0.26008000000000003,38,9.883040000000001,20000,3551,0.17755,0.0027020917591747324,0.1687567854173941,0.18658765033601415,1.119750900019426
5,coarse,reference,0.47349,21,9.943290000000001,20000,2878,0.1439,0.0024818621033409574,0.13584400322503684,0.1522260350200907,0.707586500007892
5,coarse,reference,0.8620300000000001,12,10.34436,20000,2702,0.1351,0.0024171056038162666,0.12726036029489718,0.1432163827433722,0.49982890000683255
5,coarse,reference,1.5693700000000002,6,9.416220000000001,20000,2634,0.1317,0.0023911828662818743,0.12394692383198216,0.139732411023649,0.263950400025351
5,coarse,reference,2.8571400000000002,4,11.428560000000001,20000,3668,0.1834,0.0027364615838706744,0.17449150575907815,0.19254848353170953,0.24064309999812394
5,coarse,guppy,0.14286000000000001,70,10.000200000000001,362,98,0.27071823204419887,0.02335350902230472,0.19791648847168133,0.3532258471616186,39.86501670000143
5,coarse,guppy,0.26008000000000003,38,9.883040000000001,473,95,0.20084566596194503,0.018421118294224874,0.14431888457066983,0.2670786485934733,30.38045080000302
5,coarse,guppy,0.47349,21,9.943290000000001,559,87,0.1556350626118068,0.015332497897171627,0.10918443067138292,0.21155307054406963,22.023118900018744
5,coarse,guppy,0.8620300000000001,12,10.34436,558,86,0.15412186379928317,0.015285122601276525,0.10785317312639996,0.2099174464393701,15.190422799991211
5,coarse,guppy,1.5693700000000002,6,9.416220000000001,524,81,0.15458015267175573,0.015792374782847958,0.10690492458318142,0.2123896442103632,10.779868700017687
5,coarse,guppy,2.8571400000000002,4,11.428560000000001,349,76,0.2177650429799427,0.022092760229181125,0.15034655695111876,0.2975967877937812,9.457368299976224
5,refined,reference,0.62775,16,10.044,20000,2803,0.14015,0.002454668791303625,0.13218487914945742,0.14838801567518742,0.552543700003298
5,refined,reference,0.7893500000000001,13,10.261550000000002,20000,2649,0.13245,0.0023969459474506303,0.12467768146452328,0.14050108159850636,0.44946239999262616
5,refined,reference,0.9925600000000001,10,9.925600000000001,20000,2567,0.12835,0.0023651244946091103,0.12068391456036216,0.13629797479364575,0.4021882000088226
5,refined,reference,1.24807,8,9.98456,20000,2706,0.1353,0.0024186143760426136,0.1274553212658218,0.14342126933687527,0.30132870000670664
5,refined,reference,1.5693700000000002,6,9.416220000000001,20000,2659,0.13295,0.0024007738075462253,0.12516489991089566,0.14101348197879215,0.24562949998653494
5,refined,reference,1.9733800000000001,5,9.866900000000001,20000,2858,0.1429,0.002474667553430157,0.13486804930146903,0.15120275061822588,0.2810300000128336
5,refined,reference,2.48139,4,9.92556,20000,3101,0.15505,0.002559389551240686,0.14673474422140553,0.16362680497688717,0.22339840000495315
5,refined,reference,3.1201900000000005,3,9.360570000000001,20000,3094,0.1547,0.0025570286466913114,0.1463926432704867,0.1632691723053881,0.20645869997679256
5,refined,reference,3.92342,3,11.77026,20000,4069,0.20345,0.0028465601829225392,0.1941717281646808,0.2129530291166848,0.22173379999003373
7,coarse,reference,0.09091,110,10.000100000000002,20000,3379,0.16895,0.002649583906012414,0.16033277396362075,0.17781820058768805,7.1729826999944635
7,coarse,reference,0.16551000000000002,60,9.9306,20000,2374,0.1187,0.002287032028634492,0.11129446299316323,0.1263947897502242,4.01669530000072
7,coarse,reference,0.30131,33,9.943230000000002,20000,1789,0.08945,0.0020180274713194565,0.0829404549151015,0.09627117779133941,2.3069607999932487
7,coarse,reference,0.54856,18,9.874080000000001,20000,1667,0.08335,0.0019545175555619855,0.07705168486507735,0.08996463154047307,1.4683773999859113
7,coarse,reference,0.9986900000000001,10,9.9869,20000,1800,0.09,0.002023610634484806,0.08347188042417607,0.09683933033209616,0.9001167000096757
7,coarse,reference,1.8181800000000001,6,10.909080000000001,20000,2554,0.1277,0.002360007521174456,0.1200509935950701,0.13563139150373016,0.7705134999996517
7,coarse,guppy,0.09091,110,10.000100000000002,510,77,0.15098039215686274,0.015853824511740507,0.10327232570055368,0.20921291522387778,132.35346819998813
7,coarse,guppy,0.16551000000000002,60,9.9306,803,82,0.10211706102117062,0.010685657271291891,0.0701745148599102,0.14168776705057282,117.85750900002313
7,coarse,guppy,0.30131,33,9.943230000000002,996,73,0.07329317269076305,0.008257969469957615,0.048901693941681645,0.10429130169701493,80.75037640001392
7,coarse,guppy,0.54856,18,9.874080000000001,1041,71,0.06820365033621517,0.007813380012579106,0.04518594854947682,0.09762025550423152,50.022487699985504
7,coarse,guppy,0.9986900000000001,10,9.9869,850,67,0.07882352941176471,0.009242509248214906,0.05163128219035756,0.11366028422708657,28.56143699999666
7,coarse,guppy,1.8181800000000001,6,10.909080000000001,522,64,0.12260536398467432,0.014355455309379019,0.0800901534707542,0.17625967492978878,10.56856990000233
7,refined,reference,0.21942000000000003,46,10.09332,20000,2125,0.10625,0.0021790013480950396,0.09920455579572382,0.1135942096925549,2.826522500021383
7,refined,reference,0.27591000000000004,36,9.93276,20000,1897,0.09485,0.0020718768966808817,0.08816126824535866,0.10184622393659094,2.338413199991919
7,refined,reference,0.34694,29,10.06126,20000,1727,0.08635,0.0019861228247517824,0.07994658133726634,0.09306743068758311,1.7783825999940746
7,refined,reference,0.43625,23,10.033750000000001,20000,1692,0.0846,0.0019677759018750076,0.07825759739038617,0.09125775862951398,1.6042259000241756
7,refined,reference,0.54856,18,9.874080000000001,20000,1620,0.081,0.0019292355999203416,0.0747857411649458,0.08753238169069572,1.3077045999816619
7,refined,reference,0.6897800000000001,14,9.656920000000001,20000,1583,0.07915,0.0019089955146620958,0.07300302250685246,0.08561652334488361,1.117783399997279
7,refined,reference,0.8673500000000001,12,10.4082,20000,1849,0.09245,0.002048206502040261,0.08584004271302585,0.0993692890944706,1.0329075000190642
7,refined,reference,1.09063,9,9.81567,20000,1797,0.08985,0.0020220902242481663,0.08332693872562467,0.09668438710255634,0.8290980000165291
7,refined,reference,1.3714000000000002,7,9.5998,20000,2028,0.1014,0.002134455902566272,0.09450292884904593,0.10859954715254193,0.7815878000110388
9,coarse,reference,0.06667000000000001,150,10.0005,11110,1123,0.10108010801080108,0.0028598042988711857,0.09189815940864064,0.11080785197040856,11.076668900001096
9,coarse,reference,0.12137,82,9.952340000000001,20000,1368,0.0684,0.0017849571423426392,0.06266512154304703,0.074462711431877,9.366517399990698
9,coarse,reference,0.22096000000000002,45,9.943200000000001,20000,1072,0.0536,0.0015925928544358095,0.0485035047842585,0.059035809011429366,5.069060000008903
9,coarse,reference,0.40228,25,10.057,20000,958,0.0479,0.0015100594359163482,0.04307715063406004,0.0530666181818183,2.81770189999952
9,coarse,reference,0.7323700000000001,14,10.25318,20000,1083,0.05415,0.0016002777493297842,0.049028017470039285,0.059610867646445374,1.9558949999918696
9,coarse,reference,1.3333300000000001,8,10.666640000000001,20000,1595,0.07975,0.001915593087009869,0.07358109226146511,0.08623799198824801,1.7974918000109028
9,coarse,guppy,0.06667000000000001,150,10.0005,225,19,0.08444444444444445,0.018536879786212802,0.035581062385372654,0.1619953294293058,122.29545169998892
9,coarse,guppy,0.12137,82,9.952340000000001,413,24,0.05811138014527845,0.011512120956513952,0.027177587004065737,0.10570596533563725,115.81508070000564
9,coarse,guppy,0.22096000000000002,45,9.943200000000001,752,36,0.047872340425531915,0.007785401252975489,0.02614876295254016,0.07893493470488214,117.06703400000697
9,coarse,guppy,0.40228,25,10.057,1355,68,0.05018450184501845,0.005931093725610997,0.03281977684563145,0.07267549443248617,117.86851359999855
9,coarse,guppy,0.7323700000000001,14,10.25318,1548,85,0.05490956072351421,0.005789955040407358,0.03772117602859249,0.07652908838742123,95.7474927000003
9,coarse,guppy,1.3333300000000001,8,10.666640000000001,873,71,0.08132875143184422,0.009251134453970026,0.05400391240679311,0.11604865514911368,40.0778805000009
9,refined,reference,0.16091000000000003,62,9.976420000000001,20000,1190,0.0595,0.0016727185955802606,0.0541377001083615,0.06519702429276432,7.256815700005973
9,refined,reference,0.20234000000000002,49,9.914660000000001,20000,1013,0.05065,0.0015505576013163781,0.045692894065127554,0.05594872242960648,5.585309699992649
9,refined,reference,0.25442000000000004,39,9.92238,20000,963,0.04815,0.0015137961801378677,0.04331476430441792,0.05332880859614703,4.5613024000194855
9,refined,reference,0.31992000000000004,31,9.917520000000001,20000,925,0.04625,0.0014851083714665404,0.041509849378419034,0.05133521382786946,4.43610500000068
9,refined,reference,0.40228,25,10.057,20000,903,0.04515,0.001468187275179839,0.04046592590457101,0.050180001600812554,3.0760889000084717
9,refined,reference,0.5058400000000001,20,10.116800000000001,20000,969,0.04845,0.0015182654165197863,0.04359994956862194,0.05364338830194406,2.5886526000103913
9,refined,reference,0.6360600000000001,16,10.176960000000001,20000,1039,0.05195,0.00156925456029288,0.04693089947911353,0.05730970153194033,2.2497615999891423
9,refined,reference,0.7998000000000001,13,10.397400000000001,20000,1149,0.05745,0.0016454406324750827,0.05217820648232556,0.06305811035548768,1.9699760999938007
9,refined,reference,1.0057,10,10.057,20000,1177,0.05885,0.0016641315678154777,0.05351619306414368,0.06451903602261048,1.7880870000226423
